iter	RMSE
0	13.61677887
1	10.21258415
